{
"header": "# oST version 5.0 parameters",
"width": 640,
"height": 480,
"distortion_model": "plumb_bob",
"camera_matrix": [614.158969, 0.000000, 320.227336,0.000000, 612.075060, 260.748822,0.000000, 0.000000, 1.000000],
"distortion": [0.104915, -0.226730, 0.008021, 0.005839, 0.000000],
"rectification": [1.000000, 0.000000, 0.000000,0.000000, 1.000000, 0.000000,0.000000, 0.000000, 1.000000],
"projection": [622.802002, 0.000000, 323.312191, 0.000000,0.000000, 621.026550, 263.606423, 0.000000,0.000000, 0.000000, 1.000000, 0.000000]
}
